IdJob,Arrival,Departure,ResponseTime,size,Isspike
0,6.2039986157941405,6.855020588891661,0.6510219730975209,0.6510219730975212,false
1,12.135239212351145,16.14335919863312,4.008119986281976,4.008119986281975,false
2,19.54666505171378,25.989626082394643,6.442961030680863,6.442961030680862,false
4,62.37434326097504,71.93283382383993,9.55849056286489,4.7792452814324475,false
3,57.51312607958375,78.61212227947955,21.0989961998958,16.319750918463356,false
5,90.15633399081626,90.16544909433848,0.00911510352221967,0.009115103522217755,false
6,101.81443398326508,105.91513232541544,4.100698342150366,4.100698342150372,false
7,145.49943490925193,149.547868799813,4.048433890561057,4.048433890561059,false
12,160.2677621924443,165.53903388074465,5.271271688300345,0.9055370555278168,false
15,171.2103944113209,176.58306315538914,5.37266874406825,0.7675241062954637,false
8,158.14246061686933,224.46199320815953,66.3195325912902,10.085835760285647,false
10,159.15377383909563,243.6459694517373,84.49219561264167,11.348548770707438,false
21,245.4137665322325,268.40448650741945,22.99071997518695,2.2990719975186944,false
17,189.10772682521562,277.04727234508914,87.93954551987352,9.584561245964169,false
23,276.3197900595307,277.9467796218057,1.6269895622750141,0.15608548090424096,false
22,276.0872341653425,281.0600869452048,4.972852779862251,0.5252641062562872,false
9,158.87955628096296,292.2301556235289,133.35059934256594,16.7563127648302,false
11,159.5436921719719,311.5397289070399,151.99603673506797,18.70184547943208,false
25,293.40276608047134,312.26493650659387,18.862170426122532,18.86217042612253,false
24,293.24128087935355,313.45922498975466,20.217944110401106,2.308104816515186,false
28,315.50747375025,317.5919829680252,2.084509217775178,2.0845092177751887,false
27,313.5326344983957,319.4785132675678,5.945878769172111,5.945878769172096,false
30,338.3213008487668,339.6122803016328,1.2909794528659972,1.2909794528660028,false
19,227.61639949988918,347.0811796077599,119.46478010787072,13.981246607559058,false
13,161.07751541677706,352.9421160751126,191.86460065833555,23.951514421734114,false
31,353.3766157574905,353.6835683209195,0.3069525634289789,0.3069525634290024,false
26,295.76177870252326,387.1437725655045,91.38199386298123,12.747170940774613,false
33,369.4250378813318,393.2314542371727,23.806416355840952,23.80641635584095,false
18,194.93030241360452,396.0978622893432,201.16755987573868,25.387899566906032,false
32,356.01307207274255,396.43619635014306,40.42312427740052,40.42312427740052,false
16,189.04372561322228,399.7982625509273,210.754536937705,26.864944598056226,false
20,240.18576997365577,401.7715126063088,161.58574263265305,21.549095650121853,false
34,374.59216448151017,404.41271688893323,29.820552407423065,5.39922915015217,false
36,402.9053196425209,406.9033233506719,3.998003708150975,3.9980037081509807,false
14,171.15839643527943,410.0835689762379,238.9251725409585,33.92705209503664,false
38,409.1745122596257,411.48495587059676,2.310443610971049,2.3104436109710345,false
37,407.17123059750065,414.55121627516445,7.379985677663797,7.379985677663807,false
35,401.3894911407905,415.057653117969,13.6681619771785,13.66816197717851,false
29,330.96925551394696,422.47640303737217,91.5071475234252,27.08709780592486,false
41,433.44209109025775,433.93881704360916,0.49672595335141523,0.4967259533513923,false
39,426.9350390512792,435.03738456025246,8.102345508973258,8.10234550897324,false
40,433.1658077673656,438.0040610670048,4.838253299639177,4.838253299639189,false
42,435.682845648036,438.5811253771964,2.898279729160379,2.8982797291604,false
43,438.1396507290852,439.06357394932206,0.9239232202368726,0.92392322023687,false
44,460.2917419906345,477.6552393539453,17.36349736331084,17.363497363310824,false
46,485.96132332597676,491.26844762415396,5.3071242981772,5.307124298177217,false
45,485.4688027219188,494.35072340471726,8.881920682798466,8.881920682798453,false
49,503.07574410994147,509.41070536280694,6.334961252865469,6.334961252865475,false
48,501.1140717971733,509.81553863228635,8.701466835113024,8.70146683511301,false
47,490.1345919735187,511.5526669757299,21.418075002211197,21.418075002211175,false
52,517.9758787607176,520.1037397589648,2.127860998247229,2.1278609982472303,false
51,514.2278741707189,521.2400497826101,7.012175611891166,7.012175611891139,false
50,511.52932598349844,533.9089625611102,22.37963657761179,22.379636577611798,false
53,534.2548550231895,534.2812393435083,0.02638432031881166,0.02638432031880334,false
55,566.6871591834478,580.5415494518571,13.854390268409361,13.85439026840936,false
54,546.2735121489446,585.4821589910139,39.20864684206924,39.208646842069236,false
56,577.9250385389137,588.5885305580796,10.663492019165915,10.663492019165966,false
57,594.2045562651638,598.387591869674,4.1830356045102235,4.183035604510265,false
58,596.7579524347719,600.7148791127122,3.9569266779402597,3.956926677940222,false
59,630.6544655499813,642.7313453576053,12.076879807623982,12.076879807624021,false
60,662.800286815463,672.5071077017161,9.706820886253126,9.706820886253132,false
61,666.1265666632107,676.5438231401957,10.417256476985017,10.41725647698505,false
62,728.8030662209435,732.9193182146022,4.116251993658693,4.116251993658695,false
63,732.9834467327672,739.5519083181322,6.5684615853649575,6.568461585365011,false
65,764.5047546126316,782.7412039629875,18.236449350355883,9.118224675177922,false
66,783.8061328511669,790.1261682315475,6.320035380380546,3.1356961109935964,false
67,789.9802387563674,800.74230637113,10.7620676147626,3.4717793277505984,false
68,793.1546474614324,813.7684025476358,20.613755086203355,6.250928613250006,false
64,753.441325957518,828.7852988541052,75.34397289658727,36.881911818495475,false
71,818.0866972182221,835.1614001558734,17.074702937651296,4.6049918388865505,false
69,793.2984293853167,842.6166399140207,49.31821052870396,15.352887915425164,false
70,817.4907023176687,845.3564254136586,27.865723095989892,8.376358688641128,false
72,832.8210921077899,874.5312232885459,41.71013118075598,18.74517783236796,false
74,879.9251219342235,882.2424334492149,2.3173115149913883,1.1586557574956735,false
73,843.6628006958708,887.6250131888986,43.96221249302778,27.087074652896572,false
75,889.9314743325444,928.0557869988038,38.12431266625936,12.22076328822243,false
79,945.1340675655639,945.482216024833,0.3481484592690549,0.08703711481725913,false
76,890.5169207785207,966.3015014334437,75.78458065492305,24.35487594885373,false
78,916.0449237137108,967.8555864135446,51.81066269983387,16.49931741793125,false
77,891.2565210339781,977.6625513041038,86.40603027012571,34.5355209842083,false
80,977.5954268690512,988.3480981649097,10.75267129585859,5.826428847051692,false
81,978.5627377023486,990.6548343045134,12.092096602164816,7.199416370884226,false
82,995.3920595868996,996.2938269316705,0.901767344770974,0.9017673447710218,false
85,1022.5396347503356,1029.3416038679645,6.801969117628914,2.7273965633956636,false
87,1025.3000758954518,1037.524233158778,12.224157263326333,5.438490636244325,false
86,1022.5721774783431,1044.004530972117,21.432353493773917,7.799942960996046,false
84,1021.7008636691162,1058.2844290163819,36.583565347265676,15.8112057923554,false
88,1026.5071282567715,1058.6432403273443,32.136112070572835,13.331227904876615,false
94,1087.1912372110671,1088.160188119153,0.9689509080858443,0.13842155829797842,false
83,1011.825666101291,1093.5723418369107,81.74667573561976,31.749723114739716,false
91,1042.6014232289897,1107.8623910181784,65.26096778918873,13.441764453746204,false
89,1039.7829065590934,1109.078101522697,69.29519496360354,15.120307318960526,false
93,1069.2007068526314,1112.6659943192342,43.46528746660283,8.396770632225799,false
95,1112.9083921404913,1117.7512369114052,4.842844770913871,1.6142815903046028,false
92,1067.1020029976717,1118.8658556251835,51.763852627511824,11.109301261040123,false
96,1131.7493145112787,1134.9223866102298,3.1730720989510246,1.5865360494755116,false
97,1132.9102134608906,1137.1332521519494,4.2230386910587185,4.223038691058754,false
99,1162.8208585388807,1170.563886301201,7.743027762320253,7.743027762320293,false
90,1042.3935646538089,1171.7533714952074,129.3598068413985,52.52686431474901,false
98,1139.5976756937337,1192.7054239154643,53.10774822173062,28.866584575116345,false
101,1182.5281885044215,1194.3227279499774,11.794539445555984,11.794539445556051,false
102,1218.093949055844,1227.1432382871726,9.049289231328657,9.049289231328691,false
100,1176.3787924237095,1233.8440893432096,57.46529691950013,49.30198117362269,false
103,1240.5830566247705,1248.3601802442158,7.7771236194453195,7.777123619445263,false
105,1259.5991289407127,1263.2320100332643,3.6328810925515427,3.632881092551606,false
104,1257.9176949380408,1268.0257738983528,10.108078960312014,10.108078960312005,false
106,1273.9651384593608,1274.0363872688763,0.07124880951550949,0.07124880951559844,false
107,1276.9589535486025,1311.8380405027783,34.87908695417582,29.781979053289938,false
109,1301.6438247010065,1315.4502827679605,13.806458066954065,8.709350166068178,false
110,1332.2502562826505,1332.4302569646925,0.18000068204196396,0.18000068204198635,false
108,1300.8877495430606,1334.0267222685295,33.138972725468875,33.13897272546887,false
112,1338.2718484465374,1353.533178091036,15.261329644498574,7.630664822249287,false
111,1337.4334455401663,1360.3211070505151,22.887661510348835,15.256996688099443,false
113,1368.2952634388826,1381.1832589257835,12.88799548690099,12.773799756594638,false
114,1380.9548674651708,1388.3965445976528,7.4416771324820274,6.099651041014482,false
116,1389.93416986348,1390.54993374703,0.6157638835500165,0.3078819417750365,false
119,1408.501415603794,1409.6194217400825,1.1180061362886136,0.279501534072145,false
118,1403.1209090853447,1410.0891769677978,6.9682678824531195,2.2295887827936873,false
115,1385.9408838753304,1410.4261257756375,24.485241900307074,16.91687371499701,false
117,1400.8699043277556,1421.1308846245267,20.260980296771095,14.228324414397202,false
120,1423.9194226733182,1431.8323000680532,7.9128773947350055,7.91287739473492,false
121,1456.922208539123,1467.6209708252068,10.69876228608382,10.698762286083808,false
122,1480.4544433833678,1488.439857700715,7.985414317347249,7.985414317347232,false
123,1503.7150113083485,1512.5502520078824,8.83524069953387,8.835240699533829,false
125,1532.1065772636955,1532.379526818639,0.27294955494357964,0.13647477747182674,false
124,1523.05114803723,1545.6492609394597,22.598112902229786,22.461638124758053,false
126,1572.4888124370234,1595.4937899348652,23.004977497841764,19.546473840144927,false
129,1596.648886837181,1604.6606458735287,8.011759036347712,2.6621674148836414,false
128,1591.9344546096934,1613.925987201249,21.991532591555597,7.514608083672217,false
127,1589.7632277278622,1618.1194021317624,28.35617440390024,10.696928989844563,false
130,1604.5596187067413,1620.96552124966,16.40590254291874,8.056530484091313,false
131,1622.423061096287,1650.8676746848507,28.444613588563698,12.507467113049383,false
132,1626.55895547351,1658.513985000605,31.95502952709512,10.253742704722551,false
136,1657.9258327997552,1681.7283383613249,23.80250556156966,5.500265918776888,false
133,1632.7704105027995,1691.9810768026575,59.210666299858076,14.973303600895955,false
137,1673.309281129864,1695.7434839443756,22.434202814511536,5.06706616393298,false
135,1646.3907267210473,1706.3803678232719,59.989641102224596,15.020516119658232,false
134,1644.354929389108,1719.392878608874,75.037949219766,19.8669690478438,false
138,1689.5704432402197,1725.56157954934,35.99113630912029,12.321648925104565,false
140,1726.1106954021966,1726.4281650424568,0.31746964026024216,0.15873482013007428,false
141,1731.432069313118,1732.3255073564217,0.893438043303604,0.4467190216518242,false
139,1705.5576286487321,1741.440263319223,35.882634670490916,22.900768787169675,false
142,1749.1011520111033,1762.2810023943277,13.179850383224448,13.179850383224547,false
143,1762.3660551442097,1783.1516592050828,20.785604060873084,16.909035479997026,false
144,1775.3985220433306,1783.4539616735276,8.055439630197043,4.178871049321023,false
145,1793.836952809691,1803.035028257465,9.198075447774045,9.198075447774075,false
146,1807.0266206791862,1818.3844644110306,11.357843731844468,11.35784373184448,false
147,1820.8412665553199,1825.067658177021,4.226391621701168,4.2263916217012,false
148,1853.0381957446448,1861.78905753218,8.750861787535314,4.870952091975248,false
149,1854.02923814106,1861.9856911346908,7.956452993630819,4.076543298070848,false
150,1880.2883096132055,1880.9972690830505,0.7089594698450128,0.7089594698451168,false
151,1905.9897690846965,1918.0474178252691,12.057648740572631,12.057648740572597,false
152,1923.6490893167045,1927.1574785086875,3.508389191983042,3.508389191983103,false
154,1929.9785959915557,1945.557743147882,15.579147156326371,5.368746881739271,false
157,1962.2976425083325,1968.9346586911504,6.637016182817888,1.357837621889967,false
153,1929.117758486232,1981.4175796916522,52.29982120542013,15.56582200426892,false
156,1937.0884597721445,2008.0534413790958,70.96498160695137,15.58283726175186,false
155,1935.2674246572074,2045.0982412374779,109.8308165802705,20.820448949028663,false
160,1978.47305994362,2046.3840264502098,67.91096650658983,9.428688542282215,false
163,1999.0541954151079,2047.9196467453814,48.86545133027357,6.117877109056083,false
158,1964.0149843280362,2052.6177837970663,88.60279946903006,13.267268129569256,false
161,1987.4878009251058,2056.7887337825728,69.30093285746693,9.458414365754612,false
159,1967.2716775213862,2061.4848814538946,94.21320393250835,14.130746961125624,false
164,2005.5291635238523,2079.298575728488,73.7694122046355,11.169085262555512,false
166,2054.01792930517,2080.236409612743,26.218480307572918,5.031985694588053,false
165,2046.0689069582772,2084.712692887907,38.64378592962976,7.8458963275841365,false
167,2056.381180222936,2090.8749496511673,34.49376942823119,9.183161786550148,false
169,2093.706732436893,2102.019039488493,8.312307051599873,8.312307051599918,false
162,1994.7557393543846,2103.2688293066453,108.51308995226077,23.56897097140651,false
170,2104.361251125215,2106.6279655533936,2.2667144281786022,2.266714428178515,false
168,2090.705920280597,2115.5498908749687,24.843970594371513,18.534344519585936,false
171,2115.9198714963018,2120.2632746873765,4.343403191074685,4.343403191074516,false
172,2129.000112912236,2138.999528367043,9.999415454806694,9.999415454806782,false
173,2146.152708877996,2153.5309896359627,7.378280757966877,7.378280757967065,false
174,2146.5756984239224,2154.4986824924035,7.922984068481128,7.922984068481326,false
175,2162.441628797504,2171.6008593129613,9.159230515457239,9.159230515457162,false
176,2178.712113642946,2179.4911831981694,0.7790695552234865,0.7790695552235878,false
177,2190.610315839781,2190.8187255934668,0.20840975368582804,0.2084097536857188,false
179,2209.7413792634998,2214.092976559757,4.351597296257296,4.351597296257333,false
178,2198.364866256032,2229.7818372858324,31.416971029800152,26.970812084992268,false
180,2220.8895193962167,2230.7259394698317,9.836420073615045,5.390261128807111,false
182,2244.461938108087,2253.071675128026,8.609737019939075,4.304868509969547,false
181,2238.663784715769,2261.9452194875685,23.281434771799468,18.976566261830115,false
183,2262.158930548628,2264.0657226578255,1.9067921091973403,1.9067921091975246,false
185,2265.9190179732886,2279.4734821452716,13.554464171983,4.8918599170509935,false
184,2264.738838163788,2288.0704444642242,23.331606300436306,10.370520886027952,false
188,2297.6562020028664,2301.7517736905193,4.095571687652864,1.365190562550974,false
187,2289.532929695338,2303.240180981917,13.707251286578867,6.171030362013858,false
190,2329.527115969984,2334.329870253486,4.802754283502054,1.205654281135113,false
186,2268.1612491316287,2342.2856364322047,74.12438730057602,35.76558106855428,false
191,2329.5867044930988,2347.516736367197,17.930031874098404,6.4532634671660185,false
189,2309.3637732685725,2352.9450187292646,43.58124546069212,21.983080020977543,false
192,2373.3297964110857,2469.240502246427,95.9107058353411,22.359668486754764,false
196,2416.8421878315075,2492.2029609099964,75.36077307848882,10.899559286300923,false
193,2373.351036694993,2494.403373401809,121.05233670681582,25.662754892124227,false
197,2425.4603016034434,2497.30779472898,71.8474931255364,9.974351394796356,false
199,2447.6149502434755,2505.5812984570457,57.9663482135702,8.166291656454161,false
198,2437.9683500893775,2521.9552940914577,83.98694400208024,13.304690709461234,false
200,2477.0622862664472,2523.097741550437,46.035455283989904,8.391625120391755,false
194,2373.3531698954002,2529.812323889492,156.4591539940916,34.08457855319938,false
195,2416.2595284542654,2532.995763608448,116.73623515418285,21.374178893055962,false
201,2515.291582253545,2544.8057063155175,29.514124061972325,17.258210911892867,false
204,2593.77167187423,2596.0878167809324,2.3161449067024478,2.31614490670258,false
205,2593.7781652814265,2597.2302133247426,3.452048043316154,3.452048043316077,false
203,2592.7359809319846,2598.9702905080535,6.234309576068881,6.234309576068701,false
206,2597.2840248408015,2602.4410194555117,5.156994614710129,5.156994614710209,false
202,2539.3659764882445,2602.8911325752797,63.52515608703516,63.52515608703517,false
207,2597.5146884673027,2606.9118513991,9.397162931797538,9.397162931797652,false
209,2626.283210435866,2635.9556020584605,9.67239162259466,9.672391622594503,false
208,2617.6468328757906,2636.6936001207464,19.046767244955845,19.04676724495566,false
211,2642.531530123671,2642.6168353873177,0.08530526364666002,0.08530526364677893,false
213,2659.381487004627,2662.1898790326686,2.808392028041453,2.808392028041532,false
212,2657.555940812303,2666.7967812662014,9.240840453898272,9.24084045389811,false
214,2667.956294330612,2670.4046911902396,2.448396859627792,2.448396859627822,false
210,2638.385930270999,2670.8720828718224,32.486152600823516,32.48615260082355,false
216,2687.97462286464,2695.0166530088663,7.0420301442263735,7.042030144226278,false
218,2702.6109932024565,2708.7028299856215,6.091836783165036,6.091836783165107,false
215,2675.924866691621,2715.13835888498,39.21349219335889,39.21349219335869,false
217,2698.85872214248,2715.4953507633013,16.636628620821284,16.6366286208214,false
222,2734.964501828136,2736.1707609279506,1.2062590998148153,1.206259099814701,false
219,2715.6278891659067,2748.2055178902233,32.57762872431658,32.57762872431675,false
220,2725.4132126100067,2751.7340528576265,26.3208402476198,26.320840247619618,false
223,2756.0256207336774,2766.9327076973555,10.907086963678012,10.907086963678005,false
221,2728.112473540065,2774.7929748929523,46.680501352887404,46.68050135288742,false
224,2774.8211942442836,2791.8587802930588,17.03758604877521,17.037586048775285,false
225,2786.3021632707314,2794.571717102002,8.269553831270514,8.26955383127072,false
226,2801.8885806327667,2802.079410635642,0.19083000287537288,0.1908300028755558,false
227,2810.5628744734877,2816.6388136092364,6.07593913574874,3.6217843837040578,false
228,2811.7305041051472,2817.5627747516787,5.8322706465314695,3.3781158944870704,false
229,2817.689330981301,2820.518846526018,2.8295155447171965,2.829515544717382,false
231,2832.2192577406117,2833.7729722866875,1.5537145460757529,0.7768572730378391,false
230,2825.8240522789906,2849.6421005419916,23.818048263000946,23.04119098996328,false
232,2865.03026438334,2885.0676671548763,20.037402771536108,17.01855874815621,false
234,2890.4938125934013,2943.942664658574,53.44885206517256,14.5448624286206,false
237,2923.2879472651134,2954.283007928472,30.9950606633588,6.716029296166705,false
233,2879.0299791081165,2960.9247803585413,81.89480125042473,27.788861851356497,false
235,2896.2274415088086,2982.3909495403464,86.16350803153773,23.94062020798746,false
239,2980.427389095595,2983.5400868191246,3.112697723529436,0.8739358707805567,false
238,2963.755595874744,3000.9881593769355,37.232563502191624,14.485988684465072,false
236,2905.6111781465925,3004.487460488846,98.87628234225349,31.000192717674953,false
240,2996.9726721439074,3031.6595307612533,34.68685861734593,30.260216572705094,false
241,3077.5106043494093,3113.6181199212656,36.10751557185631,36.107515571856275,false
242,3103.410354509316,3115.262441877504,11.852087368187767,11.852087368187798,false
244,3118.0282516671705,3129.314526723303,11.286275056132581,11.286275056132755,false
243,3109.659488635124,3142.4520415200595,32.7925528849355,32.79255288493541,false
245,3160.4679677978525,3164.759745978219,4.291778180366691,4.291778180366833,false
246,3164.388327616775,3174.8523175540395,10.463989937264614,10.463989937264406,false
250,3186.8339250728714,3192.695913912727,5.861988839855712,5.861988839855517,false
247,3165.4634851461688,3198.8539525026713,33.39046735650254,33.390467356502484,false
249,3186.786521524276,3206.6660068672795,19.87948534300358,19.879485343003566,false
252,3207.8192880045144,3208.0200816546007,0.20079365008632521,0.20079365008637845,false
248,3186.3378654258217,3214.274576294821,27.9367108689994,27.936710868999455,false
251,3192.570549257259,3219.1947893351553,26.624240077896502,26.624240077896726,false
253,3235.8003303547353,3236.6629681537233,0.8626377989880893,0.8626377989881119,false
254,3247.643002797702,3248.059717019611,0.4167142219089328,0.416714221908879,false
256,3262.164601357008,3262.1760179519374,0.011416594929414714,0.005708297464810397,false
255,3262.1265463684085,3267.3660104514993,5.239464083090752,5.233755785626036,false
258,3291.1081951005767,3291.123637547192,0.015442446615452354,0.0077212233077805946,false
257,3288.7530463003045,3302.2891555630126,13.536109262708123,13.528388039400534,false
260,3307.8443671575187,3323.050631368732,15.206264211213238,7.603132105606704,false
261,3323.2324670074927,3327.4825428415475,4.250075834054769,2.1250379170274,false
259,3307.8162949582684,3333.8624209801005,26.04612602183215,16.317955999198134,false
262,3411.249109562467,3421.433994441499,10.184884879032325,10.184884879032188,false
264,3426.3964406933546,3426.5476963171227,0.15125562376806556,0.07562781188413147,false
263,3424.875045808992,3439.226879754035,14.351833945042927,14.276206133158688,false
265,3444.8666249619005,3453.8994763140877,9.032851352187208,3.4585986227968846,false
267,3447.32338074531,3474.8034185593474,27.480037814037587,5.758794385681471,false
269,3449.709018110185,3481.9961887512045,32.28717064101966,6.40786830872758,false
268,3449.210937782923,3483.3178639001408,34.10692611721788,6.7526675820324575,false
272,3478.3881196513025,3486.8132664576483,8.425146806345765,1.4795667886083703,false
270,3453.4857323589604,3493.4941641689284,40.00843180996799,8.11470753385864,false
275,3501.3820711371027,3515.1748572174947,13.792786080392034,2.693287326712657,false
271,3477.3160661604966,3523.676658662724,46.36059250222752,9.602424216466986,false
274,3490.946123050433,3535.6802014217574,44.73407837132436,9.634675116863765,false
282,3558.6135474554276,3560.8875378798007,2.273990424373096,0.2526656027081023,false
278,3548.857339611055,3572.775843690395,23.918504079339982,3.2609773720988913,false
286,3609.5626092897874,3611.9170103738747,2.3544010840873852,0.21403646218977493,false
279,3552.071525992144,3614.559921798534,62.488395806390145,7.582627074435203,false
280,3552.2379058622105,3625.294690750446,73.0567848882356,8.73200975147317,false
277,3530.8513383338422,3674.774550168211,143.92321183436889,17.382148193243573,false
273,3480.268402647825,3675.7331001949874,195.46469754716236,28.31435446502685,false
284,3596.6331396527685,3680.9339352639954,84.30079561122693,7.237112174945443,false
291,3640.059220320267,3687.0444079003223,46.98518758005548,3.281496138799244,false
281,3555.303966865929,3691.481385959782,136.17741909385313,13.222583683174294,false
295,3680.0747694342353,3692.196113990574,12.1213445563385,0.8946067269566759,false
276,3513.216760536523,3701.3949662369523,188.17820570042932,23.30741643547287,false
296,3704.9748453028283,3712.1542337328947,7.17938843006641,7.179388430066218,false
266,3446.171054550826,3723.518835285521,277.34778073469533,40.05863720413296,false
299,3747.898927157499,3749.653471159455,1.7545440019557645,1.7545440019558929,false
288,3625.944736842288,3762.1770853130006,136.23234847071262,12.259923286359266,false
293,3664.178528522316,3764.406363981754,100.22783545943821,9.556974107367257,false
289,3626.790130514061,3772.669764948644,145.8796344345833,13.634529605189062,false
301,3779.728674492241,3780.5085155514707,0.7798410592295113,0.7798410592295603,false
283,3576.87167106085,3781.0265801561764,204.15490909532627,20.740580288650285,false
300,3777.8311942297455,3781.204949008308,3.3737547785626703,3.373754778562514,false
298,3747.222403828814,3786.465885640926,39.243481812111895,39.24348181211203,false
303,3790.305993428287,3790.4419131157806,0.13591968749369698,0.13591968749351033,false
304,3794.5979949839566,3798.4654229902885,3.86742800633192,3.867428006332047,false
285,3609.0450972912395,3805.6790002642183,196.63390297297883,21.501413443844033,false
302,3780.282067868377,3807.9726587180926,27.69059084971559,27.690590849715655,false
306,3803.376005791792,3811.3277214053487,7.951715613556644,7.951715613556781,false
297,3738.1426193052685,3812.063170275256,73.92055096998774,69.90152102966012,false
308,3817.4992078919536,3817.637911427189,0.138703535235436,0.13870353523525022,false
290,3632.499963246516,3825.9280051805317,193.4280419340157,23.168180553548133,false
292,3644.6543789358484,3829.870539854746,185.21616091889746,23.17040239296231,false
309,3822.885851368949,3836.957251259291,14.071399890342036,14.071399890341986,false
305,3796.0681736197107,3837.1082915769584,41.04011795724773,9.0498229999717,false
287,3623.887140215741,3841.5553957218294,217.66825550608837,29.606547669077635,false
307,3804.025110394601,3852.821581699565,48.79647130496369,44.77744136463596,false
310,3844.063240141262,3858.581231065156,14.517990923893649,14.517990923893468,false
311,3853.649840885322,3864.538197415832,10.88835653051001,10.888356530509832,false
312,3860.7847631846807,3866.970076719599,6.18531353491835,6.185313534918318,false
294,3665.000843716253,3881.5203038768727,216.51946016061993,66.32204340159687,false
313,3878.869946134648,3882.749513320298,3.8795671856496483,3.8795671856494733,false
316,3891.561987953977,3892.974867972719,1.4128800187418165,1.412880018741894,false
314,3886.1806008050507,3898.766640076953,12.586039271902337,12.586039271902111,false
315,3886.658672058854,3901.672033120012,15.01336106115832,15.013361061158351,false
317,3904.3279337140457,3906.958746689522,2.6308129754761467,2.6308129754759855,false
318,3928.3028190905598,3929.7165770472875,1.4137579567277498,1.4137579567275453,false
319,3928.886607866725,3933.3257262822867,4.439118415561552,4.439118415561597,false
321,3935.240519027507,3951.744699897166,16.50418086965874,16.50418086965885,false
320,3930.839495218403,3958.3823645053812,27.542869286978203,27.542869286978345,false
324,3971.4392785014225,3973.5126433666173,2.0733648651948897,2.073364865194923,false
326,3973.147765590993,3976.8693479983554,3.721582407362348,3.7215824073623702,false
325,3971.6889181589286,3980.2399035713556,8.550985412427053,8.550985412426902,false
328,3992.7743379395147,4000.2994293362362,7.525091396721564,7.525091396721478,false
323,3971.312230663634,4007.081452701721,35.76922203808681,35.769222038086696,false
327,3986.9682173166057,4007.6119095567383,20.643692240132623,20.6436922401327,false
322,3970.8239570022743,4013.8138394846137,42.98988248233945,42.98988248233923,false
329,4009.988873419475,4022.6103204836854,12.621447064210315,12.62144706421023,false
330,4013.713959937729,4023.640541910314,9.9265819725847,9.926581972584655,false
332,4042.242502449502,4049.3185867390257,7.076084289523806,7.076084289523695,false
333,4049.012765123557,4057.3815885738163,8.368823450259242,8.368823450259445,false
334,4059.1201408444003,4063.03075205722,3.910611212819731,3.910611212819671,false
335,4059.2080551319846,4063.5278682405524,4.319813108567814,4.319813108567865,false
331,4026.442475502782,4064.546975023084,38.10449952030194,38.10449952030185,false
337,4070.517071608071,4081.977033144257,11.459961536185801,11.459961536185636,false
336,4064.1163669985226,4086.6725866500788,22.556219651556148,22.55621965155619,false
339,4081.7964639697652,4092.729600457308,10.933136487542924,10.933136487542821,false
338,4077.9705259743414,4115.725789350838,37.75526337649626,37.75526337649633,false
341,4111.291849544724,4116.720072329788,5.428222785064463,5.428222785064706,false
343,4119.042040858068,4119.633702135602,0.5916612775345129,0.5916612775343889,false
342,4113.670354618732,4123.302165873894,9.631811255162575,9.63181125516238,false
340,4103.034555262371,4130.183424479222,27.14886921685047,27.148869216850148,false
344,4163.791516457392,4178.0642646588585,14.272748201466129,14.27274820146655,false
345,4177.957101807661,4195.500531163953,17.54342935629211,17.5434293562918,false
346,4220.830747419273,4225.246941190431,4.41619377115785,4.416193771157757,false
347,4221.621791808713,4230.968178804668,9.346386995955072,9.3463869959548,false
348,4249.457467414306,4256.995778860732,7.538311446425723,7.538311446425999,false
350,4304.056841666687,4311.71062871391,7.653787047222977,7.653787047223114,false
349,4282.228393472777,4318.652772936084,36.42437946330756,32.2018256486157,false
351,4308.609779724779,4322.040853430117,13.43107370533744,13.431073705337045,false
352,4310.207665306701,4324.065242006384,13.857576699683705,9.635022884991802,false
354,4348.810248455782,4350.099217211285,1.2889687555025375,0.6444843777512317,false
353,4338.802300835848,4360.55510374283,21.75280290698265,21.108318529231784,false
356,4372.85780526275,4375.48998437695,2.632179114199971,1.3160895571002085,false
355,4369.04161345946,4381.482462646791,12.440849187330969,11.124759630231123,false
357,4389.747365946479,4407.475519283412,17.728153336933246,17.72815333693282,false
358,4408.645125527124,4408.775871994686,0.13074646756194852,0.13074646756195485,false
360,4422.9676858666835,4440.57911050992,17.611424643236205,6.192608598196815,false
362,4443.483167215022,4451.004876133489,7.521708918467084,2.26682794091998,false
361,4424.900488169393,4474.894779271687,49.99429110229448,14.971027823634175,false
359,4415.120313938325,4492.874434257202,77.75412031887663,27.47401352613489,false
363,4448.119975750661,4506.440232803935,58.32025705327396,13.664833268538937,false
366,4476.7604117853825,4509.407361746757,32.64694996137405,7.1930181967928695,false
365,4461.413746611599,4513.406390449155,51.99264383755599,11.68864242470037,false
368,4539.941273195595,4555.718729710067,15.77745651447185,3.9369998663774246,false
370,4551.703539648023,4556.018431765496,4.314892117472482,0.8779635262659569,false
369,4542.262016085936,4560.7991082065455,18.537092120609486,4.831903230471079,false
364,4459.735355314796,4635.232057877118,175.49670256232184,53.64790601719399,false
373,4593.235631296584,4639.008956705573,45.77332540898897,9.343510023220658,false
374,4641.5554047772575,4650.201495865273,8.646091088015055,2.1615227720037864,false
375,4646.453772041475,4651.112180546395,4.6584085049207715,4.658408504920339,false
371,4584.84564064514,4672.904936728547,88.05929608340739,22.16585110596153,false
372,4586.605932679818,4683.297583539069,96.69165085925124,26.77541049966327,false
377,4703.064100120711,4704.743014320798,1.678914200086183,1.6789142000859527,false
367,4503.179869404741,4725.665512766876,222.4856433621353,89.20445381892763,false
378,4706.226785412249,4727.338653795043,21.111868382793546,21.11186838279354,false
379,4724.383982441743,4733.5122724581515,9.128290016408755,9.128290016408585,false
380,4737.178299368257,4738.616197442024,1.4378980737665188,1.4378980737660676,false
382,4742.041394632589,4743.8529927042955,1.8115980717066122,1.8115980717066549,false
376,4697.368100387781,4750.726704661936,53.35860427415537,37.946491812784934,false
383,4747.938603497575,4753.666492137449,5.727888639873527,5.7278886398739814,false
381,4741.112808965713,4759.186370858695,18.07356189298207,18.0735618929822,false
384,4748.199892118291,4768.71834317732,20.51845105902885,19.255044787206035,false
385,4766.020115568006,4772.223988985123,6.203873417116483,6.203873417116866,false
386,4780.6953116942705,4792.160681951553,11.465370257282302,11.465370257282496,false
388,4798.624537019478,4798.729953884555,0.10541686507622217,0.10541686507598891,false
387,4795.97571217951,4800.685477964238,4.709765784728006,4.709765784728316,false
390,4815.675317483098,4817.465176390261,1.7898589071628521,1.7898589071630981,false
389,4803.010394292801,4834.720226691909,31.709832399108564,31.709832399108134,false
391,4835.141603782,4852.09863187125,16.957028089250343,16.957028089250123,false
393,4863.067038429216,4865.033831191839,1.9667927626232995,1.9667927626230943,false
392,4860.773675882651,4870.846477380554,10.07280149790222,10.072801497902397,false
394,4945.54269549763,4948.847528997237,3.3048334996065023,3.3048334996063544,false
395,4946.997563803468,4960.843439170714,13.845875367245753,13.845875367246094,false
396,4953.250343999487,4971.00355605729,17.753212057802557,17.753212057802706,false
397,4979.691074429076,4981.001747239735,1.310672810658616,1.3106728106589889,false
398,4982.989525585249,4989.417969257959,6.428443672710273,6.428443672709921,false
399,4994.0352849003575,5010.471196024717,16.435911124359336,16.435911124359244,false
400,5010.505932365763,5011.878142406446,1.3722100406830577,1.3722100406830873,false
402,5017.758536753221,5039.545739967337,21.787203214115834,8.31061293492232,false
405,5061.301070240704,5064.022949219516,2.7218789788121285,0.6804697447030066,false
401,5014.654679545509,5064.534762402277,49.88008285676824,19.930226845315453,false
403,5024.047807934524,5073.011804865972,48.96399693144849,17.92025527879923,false
406,5075.219996015806,5088.267231822638,13.04723580683185,4.132837191300375,false
404,5042.023174802947,5097.055415812558,55.032241009610516,20.78598352116376,false
407,5076.935537480638,5097.7475530345,20.812015553861784,6.5505297331619445,false
408,5082.241251961251,5098.862824582504,16.621572621253108,5.897229787628686,false
409,5134.470339685976,5138.664677893717,4.194338207741566,4.19433820774173,false
410,5139.2457167235325,5141.4914106563465,2.2456939328139924,1.8111367041382653,false
413,5150.670097940695,5158.415450382417,7.745352441721479,2.463979758689485,false
411,5140.622296198995,5184.755523640233,44.13322744123798,19.16504867714181,false
414,5157.001797719805,5190.9759352098035,33.97413748999861,12.243643369710364,false
412,5147.2856979130065,5208.348773762055,61.0630758490488,33.41924852884269,false
415,5209.48053668261,5210.495570302879,1.0150336202686958,1.0150336202682793,false
416,5220.052985361747,5235.286087533164,15.233102171417158,15.233102171417439,false
417,5238.4575546188025,5248.070552832352,9.612998213549872,6.480710285465268,false
419,5266.748391291285,5274.876858487494,8.128467196209385,4.064233598104679,false
418,5241.805976976183,5285.978246083264,44.172269107080865,36.97574758089146,false
420,5299.944091236437,5312.31169991879,12.367608682352511,10.8293860193879,false
421,5309.235254592861,5319.7559660960505,10.520711503189887,8.982488840225024,false
422,5336.79724382066,5337.190424812445,0.3931809917849023,0.39318099178471017,false
423,5389.570876988789,5413.904445595406,24.33356860661752,14.98440860246566,false
424,5395.206125587102,5417.558064412668,22.351938825565412,13.002778821413006,false
425,5422.215206451906,5426.343919728352,4.128713276446433,4.12871327644635,false
426,5442.826521520297,5464.7435955580095,21.917074037712155,16.196014721291718,false
427,5454.6589549913715,5471.111676959545,16.452721968173137,7.547621950985012,false
428,5460.671161359401,5488.055012893696,27.38385153429499,21.484854701121176,false
430,5495.814058465775,5501.5876168241175,5.773558358342598,2.1873555519274697,false
431,5497.391075060655,5507.514590161943,10.123515101287921,4.362333923399999,false
429,5491.531383090309,5518.948400429136,27.417017338827463,20.867327863499963,false
432,5546.377819232358,5550.321217701805,3.9433984694469473,2.8048995134689014,false
433,5548.044219789849,5551.138687370079,3.09446758023023,1.955968624252558,false
434,5553.786230689595,5564.076404708501,10.290174018906328,10.290174018906486,false
436,5565.480622794293,5569.977067805687,4.4964450113939165,2.2482225056970133,false
437,5574.200941221664,5578.772832524841,4.571891303176926,2.2859456515885705,false
435,5565.459864088357,5597.494681322775,32.03481723441837,25.61534403801137,false
438,5593.724071244532,5613.71809565079,19.994024406258177,18.108719367136317,false
439,5618.038563795446,5618.805054271623,0.7664904761768412,0.766490476176529,false
440,5659.785439983541,5674.342765532219,14.557325548677909,11.517140638283038,false
441,5669.40620398569,5676.362328371928,6.956124386238116,2.906158055989027,false
442,5670.911340709439,5694.235825768228,23.324485058788923,17.701260032297622,false
443,5689.584171651994,5694.2448998779,4.660728225905586,2.33490116778889,false
444,5745.019352673714,5773.39873690062,28.37938422690604,28.379384226906044,false
445,5777.815737876914,5790.566640732346,12.750902855432287,9.101957261384847,false
446,5783.2687495442515,5800.538737749559,17.269988205307527,13.621042611260233,false
447,5800.966571392687,5807.214036849541,6.2474654568541155,6.247465456853998,false
449,5845.841785852472,5871.448389315248,25.606603462776548,7.0177108387322376,false
448,5845.7556865078,5875.824687565804,30.069001058003778,7.979069833514835,false
450,5850.53691241211,5889.7628474894955,39.22593507738566,8.865878578563025,false
453,5862.560168465861,5890.183455366961,27.623286901100073,5.782253130580661,false
455,5900.523030408764,5904.6097298285085,4.086699419744946,1.0216748549362724,false
451,5856.415108339516,5906.508016749558,50.09290841004167,12.112594081347446,false
454,5886.481475261811,5911.206363108361,24.72488784654979,7.541055462874749,false
458,5924.48586709388,5946.370959654113,21.885092560232806,4.226460773370251,false
457,5911.819762610454,5965.787738535299,53.96797592484472,11.024076896259972,false
462,5947.50344768919,5972.933523459352,25.430075770162148,3.180809391907331,false
460,5932.2756082214655,5975.6831107704265,43.40750254896102,6.013803105015418,false
461,5944.326485947439,5980.810972191966,36.484486244527034,4.736572360951435,false
464,5963.359947148864,5987.8427660151065,24.48281886624227,3.1040390628914847,false
459,5931.845172183393,5996.402840213364,64.55766802997096,9.029660027495352,false
456,5907.183325264459,6014.428625391911,107.24530012745163,19.2959321302617,false
470,6008.0648010171,6021.493421767012,13.428620749911715,1.43369820740232,false
466,5980.738017927819,6046.186094603005,65.4480766751858,8.548781769065245,false
468,6006.74886345268,6048.151875499205,41.403012046524964,4.862527053585371,false
473,6043.598296865682,6052.992897988531,9.394601122849053,9.26139061552442,false
463,5955.640711520282,6069.2968403812465,113.6561288609646,14.600315357163554,false
474,6052.548952250281,6092.122876623642,39.57392437336057,5.3543483367127935,false
475,6052.726476973881,6098.388616430817,45.66213945693562,45.52892894961051,false
465,5964.861456337921,6104.052066845967,139.19061050804612,18.717637239980913,false
472,6039.913564885665,6109.330867064458,69.41730217879285,9.96913093077696,false
478,6126.583789613156,6128.390889230267,1.8070996171109073,1.8070996171108107,false
477,6116.3053583966575,6128.411236131243,12.105877734585192,12.105877734585064,false
476,6113.00864451684,6135.658902917599,22.650258400759412,22.650258400759594,false
479,6139.6039874421,6139.9231546366755,0.31916719457512954,0.3191671945753481,false
469,6007.821173987238,6139.957769847429,132.13659586019094,21.39252610248639,false
452,5856.422443331734,6143.013156677998,286.59071334626424,53.47616088922433,false
467,5986.224988768217,6155.974309541636,169.74932077341873,32.19417913540659,false
471,6009.175256559,6157.471253530227,148.2959969712265,30.234671471919764,false
481,6156.293557401605,6162.087142831469,5.793585429863924,5.793585429863984,false
482,6163.474020490523,6170.913497410929,7.439476920406378,7.439476920406309,false
480,6140.059954275665,6175.405508928194,35.345554652528335,35.34555465252852,false
484,6175.4251227370905,6178.434533963585,3.009411226494194,3.0094112264940747,false
483,6172.368716225728,6188.4997100896135,16.130993863885124,16.130993863885138,false
486,6218.003640739517,6225.781621593545,7.777980854028101,7.777980854028387,false
485,6194.981011885482,6227.852214774221,32.87120288873848,32.871202888738445,false
487,6225.487651384995,6230.950164688875,5.4625133038798594,5.462513303879996,false
488,6229.738333759402,6243.868442150515,14.130108391113026,14.130108391113072,false
489,6233.314256199626,6250.021163017096,16.706906817470554,16.706906817470884,false
490,6249.134763796741,6250.788364188019,1.6536003912779051,1.6536003912783224,false
492,6287.5501342086045,6293.731380302546,6.181246093941809,6.181246093941964,false
493,6296.100496250406,6305.728188335265,9.627692084859518,9.627692084859563,false
494,6302.608514837823,6314.851594142678,12.243079304854291,12.243079304854396,false
495,6315.9555999178365,6319.6421229447205,3.6865230268840605,3.6865230268844558,false
491,6281.501813168696,6320.940451508195,39.43863833949945,39.43863833949938,false
497,6320.120494246626,6322.615938828471,2.4954445818457316,2.4954445818453523,false
496,6316.0898425021305,6354.937205279851,38.847362777720264,38.84736277772031,false
499,6346.697586961368,6356.033862825553,9.336275864185154,9.336275864185346,false
498,6345.598308095911,6362.908293881679,17.30998578576782,17.309985785767694,false
500,6352.678660942019,6374.264668614574,21.586007672554842,21.58600767255509,false
502,6386.960254674783,6395.771782122265,8.811527447482149,8.811527447481861,false
503,6401.376412130549,6404.697034332055,3.320622201506012,3.3206222015061506,false
501,6374.172845936944,6420.589484868973,46.416638932028945,46.416638932028796,false
505,6417.928802260062,6420.59718304533,2.6683807852678,2.6683807852677885,false
504,6417.824289780622,6426.777923157361,8.953633376739162,8.953633376739226,false
506,6426.214141757809,6431.356034559246,5.14189280143728,5.141892801437558,false
507,6432.685834244236,6435.601213694525,2.9153794502890378,2.915379450288653,false
508,6442.835217644036,6455.620938800244,12.785721156208638,12.78572115620828,false
510,6503.629913509062,6509.556964201662,5.9270506925995505,5.927050692599273,false
509,6487.491580444319,6522.263920151041,34.77233970672205,33.511391173885315,false
511,6519.742023085368,6523.881503788118,4.1394807027500065,2.878532169913508,false
512,6531.0652017436605,6532.402555635864,1.3373538922032822,1.3373538922029233,false
513,6552.3039597377,6552.519769946579,0.21581020887879276,0.21581020887902036,false
514,6591.9877163159335,6605.535093520566,13.54737720463254,13.54737720463288,false
515,6614.029225928644,6646.183315745426,32.15408981678138,16.88024222826444,false
516,6615.6356205683915,6653.141408909181,37.50578834078988,22.23194075227239,false
517,6656.316111826888,6656.930538280828,0.6144264539398137,0.6144264539402546,false
522,6689.488929411293,6692.285344040889,2.7964146295962564,0.503140442420288,false
520,6680.253961578764,6694.635113567903,14.381151989139653,3.8642119243397968,false
521,6687.242468999376,6700.274685044899,13.032216045523455,2.944602320051357,false
524,6705.280146669498,6725.146131378137,19.86598470863919,4.2513686695675945,false
525,6710.843581226295,6742.3709875926415,31.52740636634644,7.166724083994419,false
523,6690.601069535919,6752.288567803667,61.6874982677482,15.692489193882139,false
518,6658.892619318512,6752.622891162795,93.73027184428338,37.17689317776572,false
519,6673.938670464016,6756.906405710349,82.96773524633318,26.414356579816083,false
526,6786.941730000189,6788.074932723527,1.1332027233383997,1.1332027233381274,false
527,6814.936463581147,6821.40014759563,6.4636840144830785,6.463684014482926,false
528,6823.072332318109,6825.769715196375,2.697382878265671,2.6973828782654574,false
530,6862.718722613439,6863.5017397696465,0.7830171562072792,0.39150857810365014,false
529,6837.548368637759,6867.432054738091,29.883686100331943,29.49217752222795,false
532,6871.158111580582,6890.000408461453,18.84229688087089,6.682857882183011,false
533,6873.570665111939,6907.189841792392,33.619176680453165,14.071297781974371,false
531,6870.791603556689,6914.768720513935,43.977116957245926,23.222961293088847,false
536,6920.005114135812,6925.313316180533,5.308202044720929,1.769400681573529,false
534,6915.796558761304,6937.415090673597,21.618531912292383,10.251454897291257,false
537,6939.848445182387,6952.410508280598,12.562063098211183,6.2810315491054896,false
535,6916.450337325168,6953.539016971257,37.088679646089076,19.44057108198227,false
538,6955.022250022541,6957.863529416289,2.8412793937477545,2.8412793937479788,false
540,6976.857606320935,6984.059121168956,7.201514848021361,3.60075742401082,false
541,6988.851655947754,6990.861946341218,2.010290393463947,1.0051451967318776,false
539,6967.486670713145,7017.4254567319,49.93878601875531,31.886751901832813,false
546,7015.1091658707555,7019.099295276745,3.990129405989137,0.7208161858263014,false
542,6997.695945761729,7024.683111182837,26.98716542110833,8.014101159483712,false
544,7006.133517299668,7046.232050250627,40.09853295095945,8.877856206500832,false
543,7005.201854320873,7050.623908666811,45.422054345937795,10.092629873595847,false
545,7006.907370841262,7053.689493771148,46.7821229298861,10.355008438016759,false
549,7046.749003402494,7054.668389511747,7.919386109252628,1.8676759091472095,false
548,7036.86185984894,7057.197938242579,20.336078393638672,5.135726642867525,false
550,7069.84452570099,7079.401466093353,9.556940392362776,3.5955503535705358,false
547,7024.7855720547295,7100.0775190438935,75.29194698916399,34.73496287867197,false
551,7072.303947037687,7100.769187154963,28.465240117276153,13.395534271561825,false
554,7113.378932187068,7120.887487805956,7.50855561888784,2.366619738180459,false
552,7101.622647454396,7135.944901314281,34.32225385988477,16.649943028817308,false
558,7158.983435233859,7172.449334784421,13.465899550561517,2.4423421187738437,false
559,7164.924201044269,7183.872893172053,18.948692127784852,3.5389006342186207,false
553,7109.634273979237,7184.974683375425,75.34040939618808,21.26713510879252,false
557,7158.345106647617,7207.314220086757,48.96911343913962,11.3468813716774,false
561,7201.709483310777,7217.657092551314,15.947609240537531,3.5719620181521026,false
556,7128.507659223547,7233.787081512167,105.27942228861957,26.5692404852632,false
564,7234.142078953537,7243.093165926868,8.951086973331257,1.7902173946661641,false
560,7195.5364898427015,7243.509753671179,47.973263828477684,10.543622893091477,false
555,7119.252702188571,7260.102825730084,140.8501235415133,37.03213173952792,false
563,7222.043113044586,7265.284412919176,43.24129987459037,12.453724998783755,false
562,7214.9630234876495,7270.910375794781,55.94735230713195,18.042930875673154,false
566,7267.566223925248,7290.889589635879,23.32336571063115,21.651289775864782,false
565,7253.557522141216,7304.310101472371,50.752579331154266,50.752579331154585,false
568,7311.649676831667,7314.15842069175,2.508743860082177,2.508743860081904,false
567,7305.457508041395,7318.692930519975,13.235422478579494,13.235422478579693,false
570,7315.038170920196,7327.09611603673,12.057945116534029,12.057945116534084,false
571,7317.46873127609,7331.5788244793,14.110093203210454,14.110093203210313,false
569,7311.928596488835,7334.577225526337,22.64862903750236,22.648629037502037,false
572,7333.408120096378,7359.438305299394,26.030185203016117,26.030185203015822,false
573,7360.845629797783,7367.50560383766,6.659974039876943,6.659974039876754,false
574,7372.272180583532,7373.936585892352,1.6644053088202782,1.6644053088206483,false
575,7405.44799801241,7413.546509169002,8.098511156592394,8.098511156592034,false
580,7430.904426960224,7431.738965452754,0.8345384925305552,0.8345384925306569,false
578,7430.780959367005,7433.718396258534,2.937436891528705,2.9374368915287805,false
577,7427.8433520346825,7435.444629117218,7.601277082535489,7.601277082535441,false
576,7427.115017499736,7435.564338348418,8.449320848681964,8.449320848681765,false
579,7430.865670919048,7443.678916499437,12.813245580388866,12.813245580388488,false
582,7444.949604534805,7445.545391839405,0.5957873045999804,0.5957873046003266,false
583,7447.226724290009,7452.231400074505,5.004675784495703,5.0046757844957055,false
581,7439.402977927892,7457.84423320642,18.441255278527933,14.414007020758065,false
585,7456.072492490835,7459.06454567994,2.9920531891048086,2.992053189104533,false
584,7449.78973669088,7466.261650113719,16.471913422838952,12.444665165069393,false
587,7499.237944464739,7499.713827105335,0.4758826405968648,0.475882640596992,false
588,7499.351796588182,7506.6637156070965,7.311919018914523,3.6559595094570523,false
589,7507.978407087422,7509.172309012573,1.1939019251512946,0.5969509625758547,false
586,7476.355927681173,7521.443578303989,45.087650622816,4